title,publication_date,year,language,type,platform,local_url,original_url
2025年秋の集会「基地に抗う」10月18日(土) 13:40～  立川市アイムホールにて開催,2025-09-18T16:55:52+09:00,2025,ja,gathering,Ameblo,https://sunagawa-heiwa-archive.github.io/articles/ameblo-12931093226.html,https://ameblo.jp/2021fukuoka-ameba/entry-12931093226.html
2025.6.7(土) 砂川闘争70周年のつどい,2025-06-01T10:44:17+09:00,2025,ja,gathering,Ameblo,https://sunagawa-heiwa-archive.github.io/articles/ameblo-12907468172.html,https://ameblo.jp/2021fukuoka-ameba/entry-12907468172.html
春の子ども食堂・ふらっと教室　フォトレポート,2025-05-18T12:47:35+09:00,2025,ja,community,Ameblo,https://sunagawa-heiwa-archive.github.io/articles/ameblo-12904053944.html,https://ameblo.jp/2021fukuoka-ameba/entry-12904053944.html
「砂川事件」国賠訴訟 高裁判決 即日レポート,2025-01-31T21:29:57+09:00,2025,ja,lawsuit,Ameblo,https://sunagawa-heiwa-archive.github.io/articles/ameblo-12884615182.html,https://ameblo.jp/2021fukuoka-ameba/entry-12884615182.html
リンク集――珠洲 地震 原発,2024-12-30T23:18:47+09:00,2024,ja,links,Ameblo,https://sunagawa-heiwa-archive.github.io/articles/ameblo-12880589118.html,https://ameblo.jp/2021fukuoka-ameba/entry-12880589118.html
「珠洲と砂川」ーー国策をめぐる土地攻防（10.27レポート）,2024-12-11T17:44:06+09:00,2024,ja,record,Ameblo,https://sunagawa-heiwa-archive.github.io/articles/ameblo-12878276841.html,https://ameblo.jp/2021fukuoka-ameba/entry-12878276841.html
「砂川と台湾」——砂川平和ひろば集会レポート2024,2024-11-19T17:56:23+09:00,2024,ja,gathering,Ameblo,https://sunagawa-heiwa-archive.github.io/articles/ameblo-12875614541.html,https://ameblo.jp/2021fukuoka-ameba/entry-12875614541.html
【ドキュメンタリー上映会＆トーク】国策をめぐる土地攻防――珠洲と砂川の「勝利」から学びなおす,2024-10-04T14:05:49+09:00,2024,ja,gathering,Ameblo,https://sunagawa-heiwa-archive.github.io/articles/ameblo-12869986041.html,https://ameblo.jp/2021fukuoka-ameba/entry-12869986041.html
今月のふらっと　2024年9月,2024-09-30T21:57:45+09:00,2024,ja,community,Ameblo,https://sunagawa-heiwa-archive.github.io/articles/ameblo-12869534940.html,https://ameblo.jp/2021fukuoka-ameba/entry-12869534940.html
2024年秋の集会は10月19日(土）午後 たましんRISURUホールで,2024-09-21T12:46:09+09:00,2024,ja,gathering,Ameblo,https://sunagawa-heiwa-archive.github.io/articles/ameblo-12868379559.html,https://ameblo.jp/2021fukuoka-ameba/entry-12868379559.html
リンク集 2024年９月（砂川事件国賠訴訟 控訴審）,2024-09-14T00:10:27+09:00,2024,ja,links,Ameblo,https://sunagawa-heiwa-archive.github.io/articles/ameblo-12867279876.html,https://ameblo.jp/2021fukuoka-ameba/entry-12867279876.html
砂川事件国賠訴訟 控訴審 9月6日 即日結審,2024-09-12T13:22:21+09:00,2024,ja,lawsuit,Ameblo,https://sunagawa-heiwa-archive.github.io/articles/ameblo-12867278957.html,https://ameblo.jp/2021fukuoka-ameba/entry-12867278957.html
「砂川事件」国賠訴訟 控訴審迫る！ ９月６日㈮ 14:00から 東京高裁 101号法廷で,2024-08-30T17:41:13+09:00,2024,ja,lawsuit,Ameblo,https://sunagawa-heiwa-archive.github.io/articles/ameblo-12865576160.html,https://ameblo.jp/2021fukuoka-ameba/entry-12865576160.html
「伊達判決」65周年「伊達判決を生かす会」結成15周年　7.13記念集会レポート(4),2024-08-24T23:15:17+09:00,2024,ja,gathering,Ameblo,https://sunagawa-heiwa-archive.github.io/articles/ameblo-12864789910.html,https://ameblo.jp/2021fukuoka-ameba/entry-12864789910.html
「伊達判決」65周年「伊達判決を生かす会」結成15周年　7.13記念集会レポート(3),2024-08-20T19:29:28+09:00,2024,ja,gathering,Ameblo,https://sunagawa-heiwa-archive.github.io/articles/ameblo-12864362179.html,https://ameblo.jp/2021fukuoka-ameba/entry-12864362179.html
「伊達判決」65周年「伊達判決を生かす会」結成15周年　7.13記念集会レポート(2),2024-08-16T09:56:20+09:00,2024,ja,gathering,Ameblo,https://sunagawa-heiwa-archive.github.io/articles/ameblo-12863826928.html,https://ameblo.jp/2021fukuoka-ameba/entry-12863826928.html
「伊達判決」65周年「伊達判決を生かす会」結成15周年　7.13記念集会レポート(1),2024-08-14T11:44:59+09:00,2024,ja,gathering,Ameblo,https://sunagawa-heiwa-archive.github.io/articles/ameblo-12863375762.html,https://ameblo.jp/2021fukuoka-ameba/entry-12863375762.html
砂川平和しみんゼミ新講座８月24日(日）開講！,2024-08-12T10:55:05+09:00,2024,ja,record,Ameblo,https://sunagawa-heiwa-archive.github.io/articles/ameblo-12863370604.html,https://ameblo.jp/2021fukuoka-ameba/entry-12863370604.html
今月のふらっと　2024年7月7日,2024-07-28T16:50:23+09:00,2024,ja,community,Ameblo,https://sunagawa-heiwa-archive.github.io/articles/ameblo-12861599830.html,https://ameblo.jp/2021fukuoka-ameba/entry-12861599830.html
2024.7.13 伊達判決65周年記念集会,2024-06-29T21:46:42+09:00,2024,ja,gathering,Ameblo,https://sunagawa-heiwa-archive.github.io/articles/ameblo-12857864463.html,https://ameblo.jp/2021fukuoka-ameba/entry-12857864463.html
フォトレポート　憲法集会 2024 in 立川 　　　　　by 「市民のひろば・憲法の会」,2024-05-31T12:53:38+09:00,2024,ja,gathering,Ameblo,https://sunagawa-heiwa-archive.github.io/articles/ameblo-12854296030.html,https://ameblo.jp/2021fukuoka-ameba/entry-12854296030.html
初夏の砂川,2024-05-19T11:59:44+09:00,2024,ja,record,Ameblo,https://sunagawa-heiwa-archive.github.io/articles/ameblo-12852770460.html,https://ameblo.jp/2021fukuoka-ameba/entry-12852770460.html
「5.10オスプレイ 飛ばすな！」院内集会　　追加資料／データ集,2024-05-15T15:06:19+09:00,2024,ja-en,gathering,Ameblo,https://sunagawa-heiwa-archive.github.io/articles/ameblo-12852296236.html,https://ameblo.jp/2021fukuoka-ameba/entry-12852296236.html
フォトレポート「5.10 オスプレイ飛ばすな！」　―院内集会と政府申し入れー,2024-05-10T23:48:12+09:00,2024,ja,gathering,Ameblo,https://sunagawa-heiwa-archive.github.io/articles/ameblo-12851710821.html,https://ameblo.jp/2021fukuoka-ameba/entry-12851710821.html
戦後の反基地運動再訪――「砂川闘争」回想記事（2）,2024-01-12T12:16:56+09:00,2024,ja,record,Ameblo,https://sunagawa-heiwa-archive.github.io/articles/ameblo-12836277588.html,https://ameblo.jp/2021fukuoka-ameba/entry-12836277588.html
「砂川事件」国家賠償訴訟原告弁護団・武内更一弁護士講演概要,2023-12-20T12:57:31+09:00,2023,ja,lawsuit,Ameblo,https://sunagawa-heiwa-archive.github.io/articles/ameblo-12833268280.html,https://ameblo.jp/2021fukuoka-ameba/entry-12833268280.html
リンク集 2023年12月（「砂川闘争」の過去形と現在進行形）,2023-12-11T12:59:40+09:00,2023,ja,links,Ameblo,https://sunagawa-heiwa-archive.github.io/articles/ameblo-12831179913.html,https://ameblo.jp/2021fukuoka-ameba/entry-12831179913.html
12月8日に思うこと――東大和市「戦災変電所」見学レポート,2023-12-08T03:00:00+09:00,2023,ja,record,Ameblo,https://sunagawa-heiwa-archive.github.io/articles/ameblo-12831113453.html,https://ameblo.jp/2021fukuoka-ameba/entry-12831113453.html
戦後の反基地運動再訪――「砂川闘争」回想記事（1）,2023-11-29T22:50:49+09:00,2023,ja,record,Ameblo,https://sunagawa-heiwa-archive.github.io/articles/ameblo-12830603143.html,https://ameblo.jp/2021fukuoka-ameba/entry-12830603143.html
11.23 国会正門前アクション即日フォトレポート,2023-11-23T16:54:12+09:00,2023,ja,record,Ameblo,https://sunagawa-heiwa-archive.github.io/articles/ameblo-12829791573.html,https://ameblo.jp/2021fukuoka-ameba/entry-12829791573.html
砂川平和しみんゼミナール実績一覧　2021年5月～2023年10月,2023-11-17T15:31:23+09:00,2023,ja,record,Ameblo,https://sunagawa-heiwa-archive.github.io/articles/ameblo-12829017841.html,https://ameblo.jp/2021fukuoka-ameba/entry-12829017841.html
リンク集 2023年11月（反基地・平和 メイン･イベント）,2023-11-11T00:29:04+09:00,2023,ja,links,Ameblo,https://sunagawa-heiwa-archive.github.io/articles/ameblo-12827034744.html,https://ameblo.jp/2021fukuoka-ameba/entry-12827034744.html
10.29 横田市民交流集会　レポート,2023-11-02T21:03:41+09:00,2023,ja,gathering,Ameblo,https://sunagawa-heiwa-archive.github.io/articles/ameblo-12827081091.html,https://ameblo.jp/2021fukuoka-ameba/entry-12827081091.html
10.29（日）横田 市民交流 集会　,2023-10-27T19:24:07+09:00,2023,ja,gathering,Ameblo,https://sunagawa-heiwa-archive.github.io/articles/ameblo-12825953044.html,https://ameblo.jp/2021fukuoka-ameba/entry-12825953044.html
内灘訪問記「風と砂の館」フォトレポート,2023-10-25T01:04:06+09:00,2023,ja,record,Ameblo,https://sunagawa-heiwa-archive.github.io/articles/ameblo-12825891830.html,https://ameblo.jp/2021fukuoka-ameba/entry-12825891830.html
リンク集 2023年10月（医療的観点からのPFAS問題）,2023-10-19T12:07:40+09:00,2023,ja,links,Ameblo,https://sunagawa-heiwa-archive.github.io/articles/ameblo-12825143936.html,https://ameblo.jp/2021fukuoka-ameba/entry-12825143936.html
10.14「多摩の水汚染を考える」即日レポート,2023-10-14T23:35:56+09:00,2023,ja,record,Ameblo,https://sunagawa-heiwa-archive.github.io/articles/ameblo-12824543953.html,https://ameblo.jp/2021fukuoka-ameba/entry-12824543953.html
10.14㈯ 集会「多摩の水汚染を考える」ﾌﾟﾛｸﾞﾗﾑ,2023-10-04T17:26:57+09:00,2023,ja,gathering,Ameblo,https://sunagawa-heiwa-archive.github.io/articles/ameblo-12823163494.html,https://ameblo.jp/2021fukuoka-ameba/entry-12823163494.html
『九月、東京の路上で』,2023-09-27T10:13:47+09:00,2023,ja,record,Ameblo,https://sunagawa-heiwa-archive.github.io/articles/ameblo-12821873052.html,https://ameblo.jp/2021fukuoka-ameba/entry-12821873052.html
関東大震災から100年「夢二の新聞連載ルポ」,2023-09-23T23:18:20+09:00,2023,ja,record,Ameblo,https://sunagawa-heiwa-archive.github.io/articles/ameblo-12821338191.html,https://ameblo.jp/2021fukuoka-ameba/entry-12821338191.html
砂川平和ひろば主催 10.14集会　　　　　　　　「多摩の水汚染を考える」　チラシ完成,2023-09-14T13:05:20+09:00,2023,ja,gathering,Ameblo,https://sunagawa-heiwa-archive.github.io/articles/ameblo-12820410904.html,https://ameblo.jp/2021fukuoka-ameba/entry-12820410904.html
砂川事件 国賠訴訟 9.11 傍聴レポートーーまさかの裁判長交代！,2023-09-12T23:31:17+09:00,2023,ja,lawsuit,Ameblo,https://sunagawa-heiwa-archive.github.io/articles/ameblo-12820191407.html,https://ameblo.jp/2021fukuoka-ameba/entry-12820191407.html
砂川事件 国賠訴訟 最終弁論 ９月11日㈪ 午後２時～,2023-09-07T15:44:54+09:00,2023,ja,lawsuit,Ameblo,https://sunagawa-heiwa-archive.github.io/articles/ameblo-12819476136.html,https://ameblo.jp/2021fukuoka-ameba/entry-12819476136.html
リンク集 2023年９月（関東大震災から100年―「虐殺」の記憶と忘却）,2023-09-04T10:17:49+09:00,2023,ja,links,Ameblo,https://sunagawa-heiwa-archive.github.io/articles/ameblo-12818749170.html,https://ameblo.jp/2021fukuoka-ameba/entry-12818749170.html
反基地運動の戦後史――清水幾太郎と内灘・砂川,2023-08-25T12:02:13+09:00,2023,ja,record,Ameblo,https://sunagawa-heiwa-archive.github.io/articles/ameblo-12815656655.html,https://ameblo.jp/2021fukuoka-ameba/entry-12815656655.html
リンク集 2023年8月（砂川・新潟の交流と共闘）,2023-08-17T20:46:40+09:00,2023,ja,links,Ameblo,https://sunagawa-heiwa-archive.github.io/articles/ameblo-12816660549.html,https://ameblo.jp/2021fukuoka-ameba/entry-12816660549.html
「米軍立川基地拡張反対運動の再検討」終章,2023-04-29T21:54:48+09:00,2023,ja,guide,Ameblo,https://sunagawa-heiwa-archive.github.io/articles/ameblo-12800793306.html,https://ameblo.jp/2021fukuoka-ameba/entry-12800793306.html
「砂川平和ひろば通信」バックナンバー 2021年夏号（No.４),2023-04-21T22:08:19+09:00,2023,ja,newsletter,Ameblo,https://sunagawa-heiwa-archive.github.io/articles/ameblo-12799674945.html,https://ameblo.jp/2021fukuoka-ameba/entry-12799674945.html
東京多摩地区の4市　市議選でPFAS汚染問題言及,2023-04-19T13:05:47+09:00,2023,ja,record,Ameblo,https://sunagawa-heiwa-archive.github.io/articles/ameblo-12799297177.html,https://ameblo.jp/2021fukuoka-ameba/entry-12799297177.html
リンク集 2023年４月 (基地問題とPFAS汚染）,2023-04-11T14:49:24+09:00,2023,ja,links,Ameblo,https://sunagawa-heiwa-archive.github.io/articles/ameblo-12798009383.html,https://ameblo.jp/2021fukuoka-ameba/entry-12798009383.html
オスプレイ反対 2.1統一行動 フォトレポート,2023-02-01T23:30:03+09:00,2023,ja,gathering,Ameblo,https://sunagawa-heiwa-archive.github.io/articles/ameblo-12787210957.html,https://ameblo.jp/2021fukuoka-ameba/entry-12787210957.html
リンク集　2023年1月（オスプレイ／基地問題）,2023-01-30T23:24:50+09:00,2023,ja,links,Ameblo,https://sunagawa-heiwa-archive.github.io/articles/ameblo-12786163402.html,https://ameblo.jp/2021fukuoka-ameba/entry-12786163402.html
オスプレイ立川基地飛来反対！ 2.1 統一行動,2023-01-28T23:30:47+09:00,2023,ja,gathering,Ameblo,https://sunagawa-heiwa-archive.github.io/articles/ameblo-12786563478.html,https://ameblo.jp/2021fukuoka-ameba/entry-12786563478.html
オスプレイが来る！ 立川の市民団体 再度申入れ,2023-01-27T22:04:02+09:00,2023,ja,record,Ameblo,https://sunagawa-heiwa-archive.github.io/articles/ameblo-12786394579.html,https://ameblo.jp/2021fukuoka-ameba/entry-12786394579.html
オスプレイが来る！立川市HPに「飛来内容」掲載,2023-01-26T13:00:15+09:00,2023,ja,record,Ameblo,https://sunagawa-heiwa-archive.github.io/articles/ameblo-12786157649.html,https://ameblo.jp/2021fukuoka-ameba/entry-12786157649.html
砂川事件裁判国賠訴訟 第11回口頭弁論2023.1.23レポート,2023-01-24T22:11:25+09:00,2023,ja,lawsuit,Ameblo,https://sunagawa-heiwa-archive.github.io/articles/ameblo-12785913501.html,https://ameblo.jp/2021fukuoka-ameba/entry-12785913501.html
砂川国賠訴訟 第11回口頭弁論 2023年1月23日㈪,2023-01-18T11:04:11+09:00,2023,ja,lawsuit,Ameblo,https://sunagawa-heiwa-archive.github.io/articles/ameblo-12784860121.html,https://ameblo.jp/2021fukuoka-ameba/entry-12784860121.html
くにたちの空をオスプレイが飛ぶ！？　緊急報告集会(2023.1.14改訂）,2023-01-11T12:01:32+09:00,2023,ja,gathering,Ameblo,https://sunagawa-heiwa-archive.github.io/articles/ameblo-12783652948.html,https://ameblo.jp/2021fukuoka-ameba/entry-12783652948.html
Doctoral Dissertation by TAKAHARA Taichi　（2）,2023-01-10T11:56:54+09:00,2023,en,guide,Ameblo,https://sunagawa-heiwa-archive.github.io/articles/ameblo-12783574131.html,https://ameblo.jp/2021fukuoka-ameba/entry-12783574131.html
「砂川平和ひろば通信」バックナンバー 2020年春号(No.1),2023-01-05T19:32:30+09:00,2023,ja,newsletter,Ameblo,https://sunagawa-heiwa-archive.github.io/articles/ameblo-12782813557.html,https://ameblo.jp/2021fukuoka-ameba/entry-12782813557.html
「砂川事件」から65年――国賠訴訟の現状,2022-12-31T21:16:57+09:00,2022,ja,lawsuit,Ameblo,https://sunagawa-heiwa-archive.github.io/articles/ameblo-12781923759.html,https://ameblo.jp/2021fukuoka-ameba/entry-12781923759.html
オスプレイが来る！ 関連情報,2022-11-19T19:37:50+09:00,2022,ja,record,Ameblo,https://sunagawa-heiwa-archive.github.io/articles/ameblo-12775319604.html,https://ameblo.jp/2021fukuoka-ameba/entry-12775319604.html
『米軍立川基地拡張反対運動の再検討』第二章,2022-11-11T22:32:03+09:00,2022,ja,guide,Ameblo,https://sunagawa-heiwa-archive.github.io/articles/ameblo-12774024145.html,https://ameblo.jp/2021fukuoka-ameba/entry-12774024145.html
オスプレイが来る！　防衛当局と地元自治体による受入れ体制作り,2022-11-08T13:58:05+09:00,2022,ja,record,Ameblo,https://sunagawa-heiwa-archive.github.io/articles/ameblo-12773469394.html,https://ameblo.jp/2021fukuoka-ameba/entry-12773469394.html
ダスティン・ライトが追う 島田清作とデニス・バンクスの「砂川闘争」後 （３）,2022-11-03T16:18:30+09:00,2022,ja,record,Ameblo,https://sunagawa-heiwa-archive.github.io/articles/ameblo-12770149766.html,https://ameblo.jp/2021fukuoka-ameba/entry-12770149766.html
リンク集　（2022年10月現在）,2022-10-26T00:05:23+09:00,2022,ja,links,Ameblo,https://sunagawa-heiwa-archive.github.io/articles/ameblo-12771219892.html,https://ameblo.jp/2021fukuoka-ameba/entry-12771219892.html
砂川平和しみんゼミナール 第４期 　　　　　2022年11月5日㈯ 開始,2022-10-21T20:00:43+09:00,2022,ja,record,Ameblo,https://sunagawa-heiwa-archive.github.io/articles/ameblo-12770544753.html,https://ameblo.jp/2021fukuoka-ameba/entry-12770544753.html
ダスティン・ライトが追う 島田清作とデニス・バンクスの「砂川闘争」後 （２）,2022-10-18T21:21:50+09:00,2022,ja,record,Ameblo,https://sunagawa-heiwa-archive.github.io/articles/ameblo-12769994078.html,https://ameblo.jp/2021fukuoka-ameba/entry-12769994078.html
2022.10.9集会　盛況御礼フォトレポート,2022-10-10T13:07:18+09:00,2022,ja,gathering,Ameblo,https://sunagawa-heiwa-archive.github.io/articles/ameblo-12768655733.html,https://ameblo.jp/2021fukuoka-ameba/entry-12768655733.html
ダスティン・ライトが追う 島田清作とデニス・バンクスの「砂川闘争」後 （１）,2022-10-05T23:32:23+09:00,2022,ja,record,Ameblo,https://sunagawa-heiwa-archive.github.io/articles/ameblo-12767926016.html,https://ameblo.jp/2021fukuoka-ameba/entry-12767926016.html
リンク集　（2022年９月現在）,2022-09-30T22:33:59+09:00,2022,ja,links,Ameblo,https://sunagawa-heiwa-archive.github.io/articles/ameblo-12766889921.html,https://ameblo.jp/2021fukuoka-ameba/entry-12766889921.html
台湾問題をめぐる「日中共同声明」の意味,2022-09-29T16:45:47+09:00,2022,ja,record,Ameblo,https://sunagawa-heiwa-archive.github.io/articles/ameblo-12766833826.html,https://ameblo.jp/2021fukuoka-ameba/entry-12766833826.html
2022.9.27 国会議事堂前,2022-09-27T16:09:00+09:00,2022,ja,record,Ameblo,https://sunagawa-heiwa-archive.github.io/articles/ameblo-12766493845.html,https://ameblo.jp/2021fukuoka-ameba/entry-12766493845.html
2022　集会　チラシ完成！　,2022-09-21T14:27:30+09:00,2022,ja,gathering,Ameblo,https://sunagawa-heiwa-archive.github.io/articles/ameblo-12765469583.html,https://ameblo.jp/2021fukuoka-ameba/entry-12765469583.html
Doctoral Dissertation by TAKAHARA Taichi　（１）,2022-09-15T09:54:54+09:00,2022,en,guide,Ameblo,https://sunagawa-heiwa-archive.github.io/articles/ameblo-12764403151.html,https://ameblo.jp/2021fukuoka-ameba/entry-12764403151.html
『毎日新聞』記者が見た砂川と内灘,2022-09-15T23:53:35+09:00,2022,ja,record,Ameblo,https://sunagawa-heiwa-archive.github.io/articles/ameblo-12764527972.html,https://ameblo.jp/2021fukuoka-ameba/entry-12764527972.html
2022 集会は10月９日(日) This Year&#39;s Assembly on Oct.9,2022-09-09T11:01:02+09:00,2022,ja-en,gathering,Ameblo,https://sunagawa-heiwa-archive.github.io/articles/ameblo-12762540466.html,https://ameblo.jp/2021fukuoka-ameba/entry-12762540466.html
砂川の草むらに忘れ物（？）,2022-08-31T17:58:10+09:00,2022,ja,record,Ameblo,https://sunagawa-heiwa-archive.github.io/articles/ameblo-12761764558.html,https://ameblo.jp/2021fukuoka-ameba/entry-12761764558.html
リンク集　（2022年８月現在）,2022-08-26T17:34:52+09:00,2022,ja,links,Ameblo,https://sunagawa-heiwa-archive.github.io/articles/ameblo-12760882413.html,https://ameblo.jp/2021fukuoka-ameba/entry-12760882413.html
宮岡政雄「私の履歴書」台湾編（後半）,2022-08-23T13:39:18+09:00,2022,ja,guide,Ameblo,https://sunagawa-heiwa-archive.github.io/articles/ameblo-12759613518.html,https://ameblo.jp/2021fukuoka-ameba/entry-12759613518.html
宮岡政雄「私の履歴書」台湾編（前半）,2022-08-18T10:20:41+09:00,2022,ja,guide,Ameblo,https://sunagawa-heiwa-archive.github.io/articles/ameblo-12759340258.html,https://ameblo.jp/2021fukuoka-ameba/entry-12759340258.html
土屋源太郎「戦争の時代」を語る,2022-08-15T12:00:00+09:00,2022,ja,record,Ameblo,https://sunagawa-heiwa-archive.github.io/articles/ameblo-12758913142.html,https://ameblo.jp/2021fukuoka-ameba/entry-12758913142.html
Historical Exhibition of Sunagawa,2022-08-13T13:18:20+09:00,2022,en,record,Ameblo,https://sunagawa-heiwa-archive.github.io/articles/ameblo-12758575330.html,https://ameblo.jp/2021fukuoka-ameba/entry-12758575330.html
『米軍立川基地拡張反対運動の再検討』第一章,2022-08-10T00:02:42+09:00,2022,ja,guide,Ameblo,https://sunagawa-heiwa-archive.github.io/articles/ameblo-12757971165.html,https://ameblo.jp/2021fukuoka-ameba/entry-12757971165.html
Summer in Sunagawa 砂川の夏,2022-08-10T00:30:12+09:00,2022,ja-en,record,Ameblo,https://sunagawa-heiwa-archive.github.io/articles/ameblo-12757974008.html,https://ameblo.jp/2021fukuoka-ameba/entry-12757974008.html
Anti-Base Movements in Military City,2022-08-02T00:02:16+09:00,2022,en,record,Ameblo,https://sunagawa-heiwa-archive.github.io/articles/ameblo-12756400904.html,https://ameblo.jp/2021fukuoka-ameba/entry-12756400904.html
リンク集　（2022年7月現在）,2022-07-29T11:36:26+09:00,2022,ja,links,Ameblo,https://sunagawa-heiwa-archive.github.io/articles/ameblo-12755869410.html,https://ameblo.jp/2021fukuoka-ameba/entry-12755869410.html
高原太一『米軍立川基地拡張反対運動の再検討』,2022-07-26T00:18:47+09:00,2022,ja,guide,Ameblo,https://sunagawa-heiwa-archive.github.io/articles/ameblo-12755173234.html,https://ameblo.jp/2021fukuoka-ameba/entry-12755173234.html
砂川学習館 歴史資料展示 問題,2022-07-18T17:27:02+09:00,2022,ja,record,Ameblo,https://sunagawa-heiwa-archive.github.io/articles/ameblo-12754056389.html,https://ameblo.jp/2021fukuoka-ameba/entry-12754056389.html
自衛隊強行移駐から50年――基地の町の市民運動,2022-07-10T08:53:27+09:00,2022,ja,record,Ameblo,https://sunagawa-heiwa-archive.github.io/articles/ameblo-12752228858.html,https://ameblo.jp/2021fukuoka-ameba/entry-12752228858.html
中文　砂川年表 &lt;繁体字/简体字&gt;,2022-07-06T17:28:37+09:00,2022,zh,guide,Ameblo,https://sunagawa-heiwa-archive.github.io/articles/ameblo-12752077386.html,https://ameblo.jp/2021fukuoka-ameba/entry-12752077386.html
"October 11, 2015　砂川闘争60周年現地集会",2022-06-26T08:00:00+09:00,2022,ja-en,gathering,Ameblo,https://sunagawa-heiwa-archive.github.io/articles/ameblo-12750164975.html,https://ameblo.jp/2021fukuoka-ameba/entry-12750164975.html
中文摘要 2 &lt;繁体字/简体字&gt;,2022-06-23T17:16:03+09:00,2022,zh,guide,Ameblo,https://sunagawa-heiwa-archive.github.io/articles/ameblo-12749827305.html,https://ameblo.jp/2021fukuoka-ameba/entry-12749827305.html
アダム・トンプキンスが見出した「砂川闘争」の記憶の場,2022-06-20T09:00:00+09:00,2022,ja,record,Ameblo,https://sunagawa-heiwa-archive.github.io/articles/ameblo-12749141098.html,https://ameblo.jp/2021fukuoka-ameba/entry-12749141098.html
中文摘要 1 &lt;繁体字/简体字&gt;,2022-06-17T20:10:08+09:00,2022,zh,guide,Ameblo,https://sunagawa-heiwa-archive.github.io/articles/ameblo-12748805881.html,https://ameblo.jp/2021fukuoka-ameba/entry-12748805881.html
What Happened Thereafter (2),2022-06-14T23:00:00+09:00,2022,en,record,Ameblo,https://sunagawa-heiwa-archive.github.io/articles/ameblo-12748247996.html,https://ameblo.jp/2021fukuoka-ameba/entry-12748247996.html
リンク集　（2022年6月現在）,2022-06-08T11:23:23+09:00,2022,ja,links,Ameblo,https://sunagawa-heiwa-archive.github.io/articles/ameblo-12747134883.html,https://ameblo.jp/2021fukuoka-ameba/entry-12747134883.html
新井章弁護士　インタビュー（2020年10月）,2022-06-02T09:00:00+09:00,2022,ja,record,Ameblo,https://sunagawa-heiwa-archive.github.io/articles/ameblo-12745889284.html,https://ameblo.jp/2021fukuoka-ameba/entry-12745889284.html
アメリカ人研究者がJapan Timesに書いた「砂川闘争」,2022-05-30T22:10:34+09:00,2022,ja,record,Ameblo,https://sunagawa-heiwa-archive.github.io/articles/ameblo-12745619818.html,https://ameblo.jp/2021fukuoka-ameba/entry-12745619818.html
What Happened Thereafter (1),2022-05-26T12:57:20+09:00,2022,en,record,Ameblo,https://sunagawa-heiwa-archive.github.io/articles/ameblo-12744545726.html,https://ameblo.jp/2021fukuoka-ameba/entry-12744545726.html
ドイツのジャーナリストが視た砂川,2022-05-23T11:19:49+09:00,2022,ja,record,Ameblo,https://sunagawa-heiwa-archive.github.io/articles/ameblo-12744280864.html,https://ameblo.jp/2021fukuoka-ameba/entry-12744280864.html
リンク集（2022年5月現在）,2022-05-19T09:51:55+09:00,2022,ja,links,Ameblo,https://sunagawa-heiwa-archive.github.io/articles/ameblo-12743398588.html,https://ameblo.jp/2021fukuoka-ameba/entry-12743398588.html
砂川平和しみんゼミ2021～,2022-05-16T20:36:39+09:00,2022,ja,record,Ameblo,https://sunagawa-heiwa-archive.github.io/articles/ameblo-12743139492.html,https://ameblo.jp/2021fukuoka-ameba/entry-12743139492.html
砂川平和しみんゼミナール（平和しみんゼミ）,2022-05-12T09:00:00+09:00,2022,ja,record,Ameblo,https://sunagawa-heiwa-archive.github.io/articles/ameblo-12741836609.html,https://ameblo.jp/2021fukuoka-ameba/entry-12741836609.html
About Our Activities,2022-05-09T11:24:55+09:00,2022,en,guide,Ameblo,https://sunagawa-heiwa-archive.github.io/articles/ameblo-12741815180.html,https://ameblo.jp/2021fukuoka-ameba/entry-12741815180.html
裁判闘争　その後　(2),2022-05-05T22:45:58+09:00,2022,ja,guide,Ameblo,https://sunagawa-heiwa-archive.github.io/articles/ameblo-12741190382.html,https://ameblo.jp/2021fukuoka-ameba/entry-12741190382.html
裁判闘争　その後　(1),2022-04-27T00:08:45+09:00,2022,ja,guide,Ameblo,https://sunagawa-heiwa-archive.github.io/articles/ameblo-12739358352.html,https://ameblo.jp/2021fukuoka-ameba/entry-12739358352.html
これまでの年間イベント,2022-04-19T14:15:19+09:00,2022,ja,record,Ameblo,https://sunagawa-heiwa-archive.github.io/articles/ameblo-12737973292.html,https://ameblo.jp/2021fukuoka-ameba/entry-12737973292.html
「砂川平和ひろば」の活動概要,2022-04-11T13:32:23+09:00,2022,ja,guide,Ameblo,https://sunagawa-heiwa-archive.github.io/articles/ameblo-12736845346.html,https://ameblo.jp/2021fukuoka-ameba/entry-12736845346.html
砂川の春　Spring in Sunagawa,2022-04-03T12:32:51+09:00,2022,ja-en,record,Ameblo,https://sunagawa-heiwa-archive.github.io/articles/ameblo-12735390003.html,https://ameblo.jp/2021fukuoka-ameba/entry-12735390003.html
砂川年表（1609～1977）,2022-03-31T10:00:00+09:00,2022,ja,guide,Ameblo,https://sunagawa-heiwa-archive.github.io/articles/ameblo-12734757176.html,https://ameblo.jp/2021fukuoka-ameba/entry-12734757176.html
裁判闘争と伊達判決（Court Battles and Date Judgment　日本語版）　,2022-03-27T19:32:10+09:00,2022,ja,guide,Ameblo,https://sunagawa-heiwa-archive.github.io/articles/ameblo-12734195786.html,https://ameblo.jp/2021fukuoka-ameba/entry-12734195786.html
About Court Battles and “Date Judgement”,2022-03-25T11:25:04+09:00,2022,en,guide,Ameblo,https://sunagawa-heiwa-archive.github.io/articles/ameblo-12733764066.html,https://ameblo.jp/2021fukuoka-ameba/entry-12733764066.html
About Sunagawa-Toso (Struggle),2022-03-20T13:18:01+09:00,2022,en,guide,Ameblo,https://sunagawa-heiwa-archive.github.io/articles/ameblo-12732894549.html,https://ameblo.jp/2021fukuoka-ameba/entry-12732894549.html
「砂川闘争」について（About Sunagawa Toso　日本語版）,2022-03-20T14:25:11+09:00,2022,ja,guide,Ameblo,https://sunagawa-heiwa-archive.github.io/articles/ameblo-12732903462.html,https://ameblo.jp/2021fukuoka-ameba/entry-12732903462.html
砂川について（About Sunagawa 日本語版）,2022-03-16T00:28:22+09:00,2022,ja,guide,Ameblo,https://sunagawa-heiwa-archive.github.io/articles/ameblo-12732125839.html,https://ameblo.jp/2021fukuoka-ameba/entry-12732125839.html
ブログ開設,2022-03-12T17:28:34+09:00,2022,ja,record,Ameblo,https://sunagawa-heiwa-archive.github.io/articles/ameblo-12731518387.html,https://ameblo.jp/2021fukuoka-ameba/entry-12731518387.html
About Sunagawa,2022-03-12T18:08:08+09:00,2022,en,guide,Ameblo,https://sunagawa-heiwa-archive.github.io/articles/ameblo-12731524742.html,https://ameblo.jp/2021fukuoka-ameba/entry-12731524742.html
２０２０．新春,2020-01-15T00:00:00+00:00,2020,ja,record,FC2,https://sunagawa-heiwa-archive.github.io/articles/fc2-107.html,https://sunagawaheiwa.blog.fc2.com/blog-entry-107.html
2018.11.4　第4回砂川の大地から　とどけ平和の声開催,2018-10-10T00:00:00+00:00,2018,ja,record,FC2,https://sunagawa-heiwa-archive.github.io/articles/fc2-105.html,https://sunagawaheiwa.blog.fc2.com/blog-entry-105.html
砂川の大地から　とどけ平和の声 ―立川基地滑走路延長計画中止から50年　 元拡張予定地は今―,2018-10-10T00:00:00+00:00,2018,ja,notice,FC2,https://sunagawa-heiwa-archive.github.io/articles/fc2-106.html,https://sunagawaheiwa.blog.fc2.com/blog-entry-106.html
ひろば食堂　「ふらっと」・無料塾「ふらっと教室」開設,2018-08-31T00:00:00+00:00,2018,ja,community,FC2,https://sunagawa-heiwa-archive.github.io/articles/fc2-104.html,https://sunagawaheiwa.blog.fc2.com/blog-entry-104.html
砂川闘争の現地を歩く2018  「国営昭和記念公園」を歩くを終えて,2018-06-08T00:00:00+00:00,2018,ja,gathering,FC2,https://sunagawa-heiwa-archive.github.io/articles/fc2-103.html,https://sunagawaheiwa.blog.fc2.com/blog-entry-103.html
砂川闘争の現地を歩く2018  「国営昭和記念公園」を歩く実施について,2018-05-18T00:00:00+00:00,2018,ja,gathering,FC2,https://sunagawa-heiwa-archive.github.io/articles/fc2-102.html,https://sunagawaheiwa.blog.fc2.com/blog-entry-102.html
砂川闘争の現地を歩く2018  「国営昭和記念公園」を歩く,2018-04-22T00:00:00+00:00,2018,ja,gathering,FC2,https://sunagawa-heiwa-archive.github.io/articles/fc2-101.html,https://sunagawaheiwa.blog.fc2.com/blog-entry-101.html
砂川平和ひろば開き,2018-02-04T00:00:00+00:00,2018,ja,gathering,FC2,https://sunagawa-heiwa-archive.github.io/articles/fc2-100.html,https://sunagawaheiwa.blog.fc2.com/blog-entry-100.html
2018年を迎えて,2018-01-05T00:00:00+00:00,2018,ja,record,FC2,https://sunagawa-heiwa-archive.github.io/articles/fc2-99.html,https://sunagawaheiwa.blog.fc2.com/blog-entry-99.html
2017.12.9収穫祭・上映会のお知らせ,2017-12-03T00:00:00+00:00,2017,ja,gathering,FC2,https://sunagawa-heiwa-archive.github.io/articles/fc2-98.html,https://sunagawaheiwa.blog.fc2.com/blog-entry-98.html
１１．１９　砂川の大地からとどけ　平和の声２０１７　,2017-10-15T00:00:00+00:00,2017,ja,record,FC2,https://sunagawa-heiwa-archive.github.io/articles/fc2-96.html,https://sunagawaheiwa.blog.fc2.com/blog-entry-96.html
１１．１９　砂川の大地からとどけ　平和の声２０１７　ご賛同のお願い,2017-10-15T00:00:00+00:00,2017,ja,notice,FC2,https://sunagawa-heiwa-archive.github.io/articles/fc2-97.html,https://sunagawaheiwa.blog.fc2.com/blog-entry-97.html
砂川闘争の現地をあるく２０１７　ーデニス・バンクスさんについてー,2017-08-30T00:00:00+00:00,2017,ja,gathering,FC2,https://sunagawa-heiwa-archive.github.io/articles/fc2-93.html,https://sunagawaheiwa.blog.fc2.com/blog-entry-93.html
武蔵野の大地を、今に思う,2017-08-30T00:00:00+00:00,2017,ja,record,FC2,https://sunagawa-heiwa-archive.github.io/articles/fc2-94.html,https://sunagawaheiwa.blog.fc2.com/blog-entry-94.html
「砂川平和ひろば耐震補強改装工事」費用 カンパにご協力下さい！,2017-08-30T00:00:00+00:00,2017,ja,notice,FC2,https://sunagawa-heiwa-archive.github.io/articles/fc2-95.html,https://sunagawaheiwa.blog.fc2.com/blog-entry-95.html
憲法施行７０年にあたって,2017-05-03T00:00:00+00:00,2017,ja,record,FC2,https://sunagawa-heiwa-archive.github.io/articles/fc2-90.html,https://sunagawaheiwa.blog.fc2.com/blog-entry-90.html
５月の予定,2017-05-03T00:00:00+00:00,2017,ja,notice,FC2,https://sunagawa-heiwa-archive.github.io/articles/fc2-91.html,https://sunagawaheiwa.blog.fc2.com/blog-entry-91.html
米軍立川基地全面返還４０周年　砂川闘争の現地を歩く２０１７　５月２１日(日）,2017-04-24T00:00:00+00:00,2017,ja,gathering,FC2,https://sunagawa-heiwa-archive.github.io/articles/fc2-89.html,https://sunagawaheiwa.blog.fc2.com/blog-entry-89.html
ひろば食堂「ふらっと」開催　4月22日(土）,2017-04-21T00:00:00+00:00,2017,ja,community,FC2,https://sunagawa-heiwa-archive.github.io/articles/fc2-88.html,https://sunagawaheiwa.blog.fc2.com/blog-entry-88.html
仮称「砂川の現地を歩く２０１７」開催のお知らせ,2017-04-05T00:00:00+00:00,2017,ja,gathering,FC2,https://sunagawa-heiwa-archive.github.io/articles/fc2-87.html,https://sunagawaheiwa.blog.fc2.com/blog-entry-87.html
臨時休館のお知らせ,2017-03-31T00:00:00+00:00,2017,ja,notice,FC2,https://sunagawa-heiwa-archive.github.io/articles/fc2-86.html,https://sunagawaheiwa.blog.fc2.com/blog-entry-86.html
臨時休館,2017-03-25T00:00:00+00:00,2017,ja,notice,FC2,https://sunagawa-heiwa-archive.github.io/articles/fc2-85.html,https://sunagawaheiwa.blog.fc2.com/blog-entry-85.html
198０年前後砂川：８ミリフィルムDVD化上映会　,2017-02-25T00:00:00+00:00,2017,ja,gathering,FC2,https://sunagawa-heiwa-archive.github.io/articles/fc2-84.html,https://sunagawaheiwa.blog.fc2.com/blog-entry-84.html
２０１７年　迎春,2017-01-10T00:00:00+00:00,2017,ja,record,FC2,https://sunagawa-heiwa-archive.github.io/articles/fc2-82.html,https://sunagawaheiwa.blog.fc2.com/blog-entry-82.html
砂川平和ひろば開き,2017-01-10T00:00:00+00:00,2017,ja,gathering,FC2,https://sunagawa-heiwa-archive.github.io/articles/fc2-83.html,https://sunagawaheiwa.blog.fc2.com/blog-entry-83.html
１１．１３　砂川の大地から　とどけ平和の声 　上映会・現地集会ご協力御礼,2016-12-04T00:00:00+00:00,2016,ja,gathering,FC2,https://sunagawa-heiwa-archive.github.io/articles/fc2-79.html,https://sunagawaheiwa.blog.fc2.com/blog-entry-79.html
１１．１３　砂川の大地から　とどけ平和の声　 沖縄からのメッセージ,2016-12-04T00:00:00+00:00,2016,ja,record,FC2,https://sunagawa-heiwa-archive.github.io/articles/fc2-80.html,https://sunagawaheiwa.blog.fc2.com/blog-entry-80.html
１２．１０　収穫祭,2016-12-04T00:00:00+00:00,2016,ja,gathering,FC2,https://sunagawa-heiwa-archive.github.io/articles/fc2-81.html,https://sunagawaheiwa.blog.fc2.com/blog-entry-81.html
砂川の大地から　とどけ平和の声,2016-09-12T00:00:00+00:00,2016,ja,record,FC2,https://sunagawa-heiwa-archive.github.io/articles/fc2-78.html,https://sunagawaheiwa.blog.fc2.com/blog-entry-78.html
都知事選について,2016-07-27T00:00:00+00:00,2016,ja,record,FC2,https://sunagawa-heiwa-archive.github.io/articles/fc2-77.html,https://sunagawaheiwa.blog.fc2.com/blog-entry-77.html
４月の予定,2016-04-05T00:00:00+00:00,2016,ja,notice,FC2,https://sunagawa-heiwa-archive.github.io/articles/fc2-75.html,https://sunagawaheiwa.blog.fc2.com/blog-entry-75.html
４．１７「砂川闘争の現地を歩く」開催,2016-04-05T00:00:00+00:00,2016,ja,gathering,FC2,https://sunagawa-heiwa-archive.github.io/articles/fc2-76.html,https://sunagawaheiwa.blog.fc2.com/blog-entry-76.html
３月の予定,2016-02-20T00:00:00+00:00,2016,ja,notice,FC2,https://sunagawa-heiwa-archive.github.io/articles/fc2-73.html,https://sunagawaheiwa.blog.fc2.com/blog-entry-73.html
2016年　砂川平和ひろば開き,2016-01-31T00:00:00+00:00,2016,ja,gathering,FC2,https://sunagawa-heiwa-archive.github.io/articles/fc2-72.html,https://sunagawaheiwa.blog.fc2.com/blog-entry-72.html
2016年を迎えて,2016-01-06T00:00:00+00:00,2016,ja,record,FC2,https://sunagawa-heiwa-archive.github.io/articles/fc2-69.html,https://sunagawaheiwa.blog.fc2.com/blog-entry-69.html
2016年砂川平和ひろば開き,2016-01-06T00:00:00+00:00,2016,ja,gathering,FC2,https://sunagawa-heiwa-archive.github.io/articles/fc2-70.html,https://sunagawaheiwa.blog.fc2.com/blog-entry-70.html
1月・2月の予定,2016-01-06T00:00:00+00:00,2016,ja,notice,FC2,https://sunagawa-heiwa-archive.github.io/articles/fc2-71.html,https://sunagawaheiwa.blog.fc2.com/blog-entry-71.html
１２月の予定,2015-12-18T00:00:00+00:00,2015,ja,notice,FC2,https://sunagawa-heiwa-archive.github.io/articles/fc2-68.html,https://sunagawaheiwa.blog.fc2.com/blog-entry-68.html
10.11「砂川の大地から、とどけ平和の声　砂川闘争60周年現地集会」集会アピール,2015-11-03T00:00:00+00:00,2015,ja,gathering,FC2,https://sunagawa-heiwa-archive.github.io/articles/fc2-67.html,https://sunagawaheiwa.blog.fc2.com/blog-entry-67.html
砂川闘争６０周年現地集会メッセージ　　弁護士　新井　章,2015-11-02T00:00:00+00:00,2015,ja,gathering,FC2,https://sunagawa-heiwa-archive.github.io/articles/fc2-66.html,https://sunagawaheiwa.blog.fc2.com/blog-entry-66.html
10.11砂川の大地から、とどけ平和の声　砂川闘争60周年現地集会　,2015-10-31T00:00:00+00:00,2015,ja,gathering,FC2,https://sunagawa-heiwa-archive.github.io/articles/fc2-64.html,https://sunagawaheiwa.blog.fc2.com/blog-entry-64.html
10.11「砂川の大地から、とどけ平和の声　砂川闘争60周年現地集会」メッセージ　桜井国俊先生,2015-10-31T00:00:00+00:00,2015,ja,gathering,FC2,https://sunagawa-heiwa-archive.github.io/articles/fc2-65.html,https://sunagawaheiwa.blog.fc2.com/blog-entry-65.html
開館予定,2015-10-30T00:00:00+00:00,2015,ja,notice,FC2,https://sunagawa-heiwa-archive.github.io/articles/fc2-63.html,https://sunagawaheiwa.blog.fc2.com/blog-entry-63.html
砂川の大地から、とどけ平和の声　砂川闘争６０周年現地集会,2015-10-11T00:00:00+00:00,2015,ja,gathering,FC2,https://sunagawa-heiwa-archive.github.io/articles/fc2-62.html,https://sunagawaheiwa.blog.fc2.com/blog-entry-62.html
砂川弁護団　相磯まつ江弁護士　砂川闘争６０周年現地集会に参加！,2015-10-04T00:00:00+00:00,2015,ja,gathering,FC2,https://sunagawa-heiwa-archive.github.io/articles/fc2-61.html,https://sunagawaheiwa.blog.fc2.com/blog-entry-61.html
10.11集会について、東京新聞記事掲載,2015-09-30T00:00:00+00:00,2015,ja,gathering,FC2,https://sunagawa-heiwa-archive.github.io/articles/fc2-60.html,https://sunagawaheiwa.blog.fc2.com/blog-entry-60.html
10.1１　「砂川闘争60周年現地集会」Facebook開設！,2015-09-26T00:00:00+00:00,2015,ja,gathering,FC2,https://sunagawa-heiwa-archive.github.io/articles/fc2-59.html,https://sunagawaheiwa.blog.fc2.com/blog-entry-59.html
〝砂川の大地から、とどけ平和の声〟砂川闘争６０周年現地集会,2015-09-20T00:00:00+00:00,2015,ja,gathering,FC2,https://sunagawa-heiwa-archive.github.io/articles/fc2-58.html,https://sunagawaheiwa.blog.fc2.com/blog-entry-58.html
御賛同のお願い,2015-08-13T00:00:00+00:00,2015,ja,notice,FC2,https://sunagawa-heiwa-archive.github.io/articles/fc2-57.html,https://sunagawaheiwa.blog.fc2.com/blog-entry-57.html
砂川闘争60周年現地集会のお知らせ,2015-08-11T00:00:00+00:00,2015,ja,gathering,FC2,https://sunagawa-heiwa-archive.github.io/articles/fc2-54.html,https://sunagawaheiwa.blog.fc2.com/blog-entry-54.html
8月の予定,2015-08-04T00:00:00+00:00,2015,ja,notice,FC2,https://sunagawa-heiwa-archive.github.io/articles/fc2-53.html,https://sunagawaheiwa.blog.fc2.com/blog-entry-53.html
沖縄訪問　―沖縄と砂川の新たな連帯―,2015-07-21T00:00:00+00:00,2015,ja,record,FC2,https://sunagawa-heiwa-archive.github.io/articles/fc2-50.html,https://sunagawaheiwa.blog.fc2.com/blog-entry-50.html
砂川闘争60周年に向けて,2015-07-21T00:00:00+00:00,2015,ja,record,FC2,https://sunagawa-heiwa-archive.github.io/articles/fc2-51.html,https://sunagawaheiwa.blog.fc2.com/blog-entry-51.html
7月の予定,2015-07-21T00:00:00+00:00,2015,ja,notice,FC2,https://sunagawa-heiwa-archive.github.io/articles/fc2-52.html,https://sunagawaheiwa.blog.fc2.com/blog-entry-52.html
6月の予定,2015-06-02T00:00:00+00:00,2015,ja,notice,FC2,https://sunagawa-heiwa-archive.github.io/articles/fc2-49.html,https://sunagawaheiwa.blog.fc2.com/blog-entry-49.html
5月の予定,2015-05-09T00:00:00+00:00,2015,ja,notice,FC2,https://sunagawa-heiwa-archive.github.io/articles/fc2-48.html,https://sunagawaheiwa.blog.fc2.com/blog-entry-48.html
砂川闘争60年・敗戦70年 砂川からのアピール,2015-05-02T00:00:00+00:00,2015,ja,record,FC2,https://sunagawa-heiwa-archive.github.io/articles/fc2-46.html,https://sunagawaheiwa.blog.fc2.com/blog-entry-46.html
砂川闘争６０年・敗戦７０年砂川からのアピール　シリーズ１,2015-05-02T00:00:00+00:00,2015,ja,record,FC2,https://sunagawa-heiwa-archive.github.io/articles/fc2-47.html,https://sunagawaheiwa.blog.fc2.com/blog-entry-47.html
５．３憲法記念日　平和を考える集い　,2014-05-02T00:00:00+00:00,2014,ja,gathering,FC2,https://sunagawa-heiwa-archive.github.io/articles/fc2-44.html,https://sunagawaheiwa.blog.fc2.com/blog-entry-44.html
2014年を迎えて,2014-01-23T00:00:00+00:00,2014,ja,record,FC2,https://sunagawa-heiwa-archive.github.io/articles/fc2-42.html,https://sunagawaheiwa.blog.fc2.com/blog-entry-42.html
2014年砂川平和ひろば開き,2014-01-23T00:00:00+00:00,2014,ja,gathering,FC2,https://sunagawa-heiwa-archive.github.io/articles/fc2-43.html,https://sunagawaheiwa.blog.fc2.com/blog-entry-43.html
23回砂川秋まつり　同時開催　映画上映,2013-10-22T00:00:00+00:00,2013,ja,gathering,FC2,https://sunagawa-heiwa-archive.github.io/articles/fc2-41.html,https://sunagawaheiwa.blog.fc2.com/blog-entry-41.html
６月の予定,2013-05-28T00:00:00+00:00,2013,ja,notice,FC2,https://sunagawa-heiwa-archive.github.io/articles/fc2-39.html,https://sunagawaheiwa.blog.fc2.com/blog-entry-39.html
5.3憲法記念日によせて,2013-05-05T00:00:00+00:00,2013,ja,gathering,FC2,https://sunagawa-heiwa-archive.github.io/articles/fc2-38.html,https://sunagawaheiwa.blog.fc2.com/blog-entry-38.html
５．３憲法記念日　平和を考える集い,2013-04-25T00:00:00+00:00,2013,ja,gathering,FC2,https://sunagawa-heiwa-archive.github.io/articles/fc2-37.html,https://sunagawaheiwa.blog.fc2.com/blog-entry-37.html
臨時休館のお知らせ,2013-02-13T00:00:00+00:00,2013,ja,notice,FC2,https://sunagawa-heiwa-archive.github.io/articles/fc2-36.html,https://sunagawaheiwa.blog.fc2.com/blog-entry-36.html
臨時休館のお知らせ,2013-02-06T00:00:00+00:00,2013,ja,notice,FC2,https://sunagawa-heiwa-archive.github.io/articles/fc2-35.html,https://sunagawaheiwa.blog.fc2.com/blog-entry-35.html
2012年を振り返って,2013-01-18T00:00:00+00:00,2013,ja,record,FC2,https://sunagawa-heiwa-archive.github.io/articles/fc2-33.html,https://sunagawaheiwa.blog.fc2.com/blog-entry-33.html
砂川平和ひろば開き,2013-01-18T00:00:00+00:00,2013,ja,gathering,FC2,https://sunagawa-heiwa-archive.github.io/articles/fc2-34.html,https://sunagawaheiwa.blog.fc2.com/blog-entry-34.html
収穫祭開催,2012-12-01T00:00:00+00:00,2012,ja,gathering,FC2,https://sunagawa-heiwa-archive.github.io/articles/fc2-28.html,https://sunagawaheiwa.blog.fc2.com/blog-entry-28.html
臨時休館のお知らせ,2012-04-03T00:00:00+00:00,2012,ja,notice,FC2,https://sunagawa-heiwa-archive.github.io/articles/fc2-26.html,https://sunagawaheiwa.blog.fc2.com/blog-entry-26.html
４．７砂川闘争現地フィールドワーク中止のお知らせ,2012-04-03T00:00:00+00:00,2012,ja,gathering,FC2,https://sunagawa-heiwa-archive.github.io/articles/fc2-27.html,https://sunagawaheiwa.blog.fc2.com/blog-entry-27.html
臨時休館のお知らせ,2012-03-21T00:00:00+00:00,2012,ja,notice,FC2,https://sunagawa-heiwa-archive.github.io/articles/fc2-23.html,https://sunagawaheiwa.blog.fc2.com/blog-entry-23.html
４月の予定,2012-03-21T00:00:00+00:00,2012,ja,notice,FC2,https://sunagawa-heiwa-archive.github.io/articles/fc2-24.html,https://sunagawaheiwa.blog.fc2.com/blog-entry-24.html
４．７砂川闘争現地フィールドワーク,2012-03-21T00:00:00+00:00,2012,ja,gathering,FC2,https://sunagawa-heiwa-archive.github.io/articles/fc2-25.html,https://sunagawaheiwa.blog.fc2.com/blog-entry-25.html
3.10平和を考える集い“福島原発事故1周年”,2012-03-07T00:00:00+00:00,2012,ja,gathering,FC2,https://sunagawa-heiwa-archive.github.io/articles/fc2-22.html,https://sunagawaheiwa.blog.fc2.com/blog-entry-22.html
臨時休館のお知らせ,2012-02-29T00:00:00+00:00,2012,ja,notice,FC2,https://sunagawa-heiwa-archive.github.io/articles/fc2-18.html,https://sunagawaheiwa.blog.fc2.com/blog-entry-18.html
３月の予定,2012-02-29T00:00:00+00:00,2012,ja,notice,FC2,https://sunagawa-heiwa-archive.github.io/articles/fc2-19.html,https://sunagawaheiwa.blog.fc2.com/blog-entry-19.html
２．２６平和を考える集い　｢原発を考える」,2012-02-22T00:00:00+00:00,2012,ja,gathering,FC2,https://sunagawa-heiwa-archive.github.io/articles/fc2-17.html,https://sunagawaheiwa.blog.fc2.com/blog-entry-17.html
2月の予定,2012-01-07T00:00:00+00:00,2012,ja,notice,FC2,https://sunagawa-heiwa-archive.github.io/articles/fc2-10.html,https://sunagawaheiwa.blog.fc2.com/blog-entry-10.html
２０１１年を振り返って,2012-01-07T00:00:00+00:00,2012,ja,record,FC2,https://sunagawa-heiwa-archive.github.io/articles/fc2-11.html,https://sunagawaheiwa.blog.fc2.com/blog-entry-11.html
砂川平和ひろば周辺地図,2012-01-07T00:00:00+00:00,2012,ja,record,FC2,https://sunagawa-heiwa-archive.github.io/articles/fc2-12.html,https://sunagawaheiwa.blog.fc2.com/blog-entry-12.html
２０１２年を迎えて,2012-01-07T00:00:00+00:00,2012,ja,record,FC2,https://sunagawa-heiwa-archive.github.io/articles/fc2-14.html,https://sunagawaheiwa.blog.fc2.com/blog-entry-14.html
砂川平和ひろばについて　　主宰者　福島京子,2012-01-07T00:00:00+00:00,2012,ja,guide,FC2,https://sunagawa-heiwa-archive.github.io/articles/fc2-6.html,https://sunagawaheiwa.blog.fc2.com/blog-entry-6.html
「砂川平和ひろば」2012年今後の予定（現在考案中の予定です。変更あり）,2012-01-07T00:00:00+00:00,2012,ja,notice,FC2,https://sunagawa-heiwa-archive.github.io/articles/fc2-8.html,https://sunagawaheiwa.blog.fc2.com/blog-entry-8.html
１月の予定,2012-01-07T00:00:00+00:00,2012,ja,notice,FC2,https://sunagawa-heiwa-archive.github.io/articles/fc2-9.html,https://sunagawaheiwa.blog.fc2.com/blog-entry-9.html
｢砂川平和ひろば｣の建物について,2012-01-02T00:00:00+00:00,2012,ja,guide,FC2,https://sunagawa-heiwa-archive.github.io/articles/fc2-7.html,https://sunagawaheiwa.blog.fc2.com/blog-entry-7.html
平和の礎,2012-01-01T00:00:00+00:00,2012,ja,record,FC2,https://sunagawa-heiwa-archive.github.io/articles/fc2-15.html,https://sunagawaheiwa.blog.fc2.com/blog-entry-15.html
所在地・連絡先,2011-12-29T00:00:00+00:00,2011,ja,notice,FC2,https://sunagawa-heiwa-archive.github.io/articles/fc2-5.html,https://sunagawaheiwa.blog.fc2.com/blog-entry-5.html
Contact,2011-01-01T00:00:00+00:00,2011,ja,notice,FC2,https://sunagawa-heiwa-archive.github.io/articles/fc2-4.html,https://sunagawaheiwa.blog.fc2.com/blog-entry-4.html
